{
    "faces":[33,2,0,1,3,0,0,0,0,33,3,7,6,2,1,1,1,1,33,7,5,4,6,2,2,2,2,33,0,4,5,1,3,3,3,3,33,0,2,6,4,4,4,4,4,33,5,7,3,1,5,5,5,5,33,8,9,10,11,6,6,6,6,33,12,15,14,13,7,7,7,7,33,8,12,13,9,8,8,8,8,33,9,13,14,10,9,9,9,9,33,10,14,15,11,10,10,10,10,33,12,8,11,15,11,11,11,11,33,17,19,18,16,12,12,12,12,33,19,23,22,18,13,13,13,13,33,23,21,20,22,2,2,2,2,33,21,17,16,20,14,14,14,14,33,16,18,22,20,15,15,15,15,33,21,23,19,17,16,16,16,16],
    "vertices":[-2.12897,-0.723496,-1.35836,-2.12897,-0.243269,-1.37513,-2.64925,-0.901609,-1.81551,-2.69579,-0.333313,-1.85873,0.871027,-0.723496,-1.35836,0.871027,-0.243269,-1.37513,0.871027,-0.78978,-3.25646,0.871027,-0.309553,-3.27323,0.871027,-0.704373,0.73527,0.871027,-0.744158,2.63411,-1.59543,-0.465003,0.914364,-2.11304,-0.696074,0.68897,0.871028,-0.224665,0.76319,0.871026,-0.26445,2.66203,-1.50728,-0.130587,0.94057,-2.05437,-0.321932,0.714174,-2.68824,-0.655293,0.513669,-2.68824,0.064708,0.513669,-2.68824,-0.655293,-1.18633,-2.68824,0.064708,-1.18633,0.371764,-0.655293,0.513669,0.371764,0.064708,0.513669,0.371764,-0.655293,-1.18633,0.371764,0.064708,-1.18633],
    "uvs":[],
    "normals":[-0.656289,0.014023,0.754379,-0.371669,-0.069461,-0.925763,1,-0,0,0,0.034899,0.999391,0.038017,-0.994768,0.094825,-0.016856,0.997965,-0.061492,-0.088044,-0.989958,0.110598,0.033467,0.99626,-0.079663,1,0,0,-0.578583,0.008424,0.81558,-0.395743,0.015379,0.918233,0.015178,0.061051,-0.998019,-1,0,0,0,0,-1,0,-0,1,0,-1,0,0,1,-0],
    "name":"Cube.001Geometry",
    "metadata":{
        "faces":18,
        "vertices":24,
        "uvs":0,
        "version":3,
        "normals":17,
        "type":"Geometry",
        "generator":"io_three"
    }
}